TimeStamp,Toolcode Execution Time,Pos X(inch),Pos Y(inch),Pos Z(inch),Pos Tilt,Pos Rotate,Pho X(inch),Pho Y(inch),Pho Z(inch),Pho Tilt,Pho Rotate,Velocity X,Velocity Y,Velocity Z,Velocity Tilt,Velocity Rotate,Motion Compensation Active,Pos Alps(inch),Alps Spot Size(inch),PF1 RPM,PF2 RPM,PF3 RPM,PF4 RPM,PF1 Override,PF2 Override,PF3 Override,PF4 Override,PF1 RPM Setpoint,PF2 RPM Setpoint,PF3 RPM Setpoint,PF4 RPM Setpoint,PF1 Argon MFlow,PF1 Argon: Warning Enabled,PF1 Argon: Warning High Level,PF1 Argon: Warning Low Level,PF1 Argon: Alarm Enabled,PF1 Argon: Alarm High Level,PF1 Argon: Alarm Low Level,PF1 Argon: Baseline Level,PF1 Argon: Warning Tolerance Level,PF1 Argon: Alarm Tolerance Level,PF1 Argon: Valid Value,PF2 Argon MFlow,PF2 Argon: Warning Enabled,PF2 Argon: Warning High Level,PF2 Argon: Warning Low Level,PF2 Argon: Alarm Enabled,PF2 Argon: Alarm High Level,PF2 Argon: Alarm Low Level,PF2 Argon: Baseline Level,PF2 Argon: Warning Tolerance Level,PF2 Argon: Alarm Tolerance Level,PF2 Argon: Valid Value,PF3 Argon MFlow,PF3 Argon: Warning Enabled,PF3 Argon: Warning High Level,PF3 Argon: Warning Low Level,PF3 Argon: Alarm Enabled,PF3 Argon: Alarm High Level,PF3 Argon: Alarm Low Level,PF3 Argon: Baseline Level,PF3 Argon: Warning Tolerance Level,PF3 Argon: Alarm Tolerance Level,PF3 Argon: Valid Value,PF4 Argon MFlow,PF4 Argon: Warning Enabled,PF4 Argon: Warning High Level,PF4 Argon: Warning Low Level,PF4 Argon: Alarm Enabled,PF4 Argon: Alarm High Level,PF4 Argon: Alarm Low Level,PF4 Argon: Baseline Level,PF4 Argon: Warning Tolerance Level,PF4 Argon: Alarm Tolerance Level,PF4 Argon: Valid Value,Center Purge Argon MFlow,Center Purge Argon: Warning Enabled,Center Purge Argon: Warning High Level,Center Purge Argon: Warning Low Level,Center Purge Argon: Alarm Enabled,Center Purge Argon: Alarm High Level,Center Purge Argon: Alarm Low Level,Center Purge Argon: Baseline Level,Center Purge Argon: Warning Tolerance Level,Center Purge Argon: Alarm Tolerance Level,Center Purge Argon: Valid Value,PF1 Argon VFlow,PF2 Argon VFlow,PF3 Argon VFlow,PF4 Argon VFlow,Center Purge Argon VFlow,PF1 Argon Temp(°F),PF2 Argon Temp(°F),PF3 Argon Temp(°F),PF4 Argon Temp(°F),Center Purge Argon Temp(°F),PF1 Argon Absolute Pressure,PF2 Argon Absolute Pressure,PF3 Argon Absolute Pressure,PF4 Argon Absolute Pressure,Center Purge Argon Absolute Pressure,Center Purge Pressure: Warning Enabled,Center Purge Pressure: Warning High Level,Center Purge Pressure: Warning Low Level,Center Purge Pressure: Alarm Enabled,Center Purge Pressure: Alarm High Level,Center Purge Pressure: Alarm Low Level,Center Purge Pressure: Baseline Level,Center Purge Pressure: Warning Tolerance Level,Center Purge Pressure: Alarm Tolerance Level,Center Purge Pressure: Valid Value,H2O Sensor,H2O Sensor: Warning Enabled,H2O Sensor: Warning High Level,H2O Sensor: Warning Low Level,H2O Sensor: Alarm Enabled,H2O Sensor: Alarm High Level,H2O Sensor: Alarm Low Level,O2 Sensor,O2 Sensor: Warning Enabled,O2 Sensor: Warning High Level,O2 Sensor: Warning Low Level,O2 Sensor: Alarm Enabled,O2 Sensor: Alarm High Level,O2 Sensor: Alarm Low Level,Head Temperature (RTD 1)(°F),Head Temp: Warning Enabled,Head Temp: Warning High Level,Head Temp: Warning Low Level,Head Temp: Alarm Enabled,Head Temp: Alarm High Level,Head Temp: Alarm Low Level,PF1 Powder Low,PF1 Powder Low: Warning Enabled,PF1 Powder Low: Alarm Enabled,PF2 Powder Low,PF2 Powder Low: Warning Enabled,PF2 Powder Low: Alarm Enabled,PF3 Powder Low,PF3 Powder Low: Warning Enabled,PF3 Powder Low: Alarm Enabled,PF4 Powder Low,PF4 Powder Low: Warning Enabled,PF4 Powder Low: Alarm Enabled,Box Pressure,PF1 Top Pressure,PF1 Bottom Pressure,PF1 Bottom Pressure: Baseline Level,PF1 Bottom Pressure : Valid Value,PF1 Bottom Pressure : Warning Enabled,PF1 Bottom Pressure: Warning Tolerance Level,PF1 Bottom Pressure : Warning High Level,PF1 Bottom Pressure : Warning Low Level,PF1 Bottom Pressure : Alarm Enabled,PF1 Bottom Pressure : Alarm Tolerance Level,PF1 Bottom Pressure : Alarm High Level,PF1 Bottom Pressure : Alarm Low Level,PF1 Bottom Pressure: Off Baseline,Dust Collector Diff Pressure,PF2 Top Pressure,PF2 Bottom Pressure,PF2 Bottom Pressure: Baseline Level,PF2 Bottom Pressure : Valid Value,PF2 Bottom Pressure : Warning Enabled,PF2 Bottom Pressure: Warning Tolerance Level,PF2 Bottom Pressure : Warning High Level,PF2 Bottom Pressure : Warning Low Level,PF2 Bottom Pressure : Alarm Enabled,PF2 Bottom Pressure : Alarm Tolerance Level,PF2 Bottom Pressure : Alarm High Level,PF2 Bottom Pressure : Alarm Low Level,PF2 Bottom Pressure: Off Baseline,Powder Manifold Pressure Sensor,Powder Manifold Pressure: Baseline Level,Powder Manifold Pressure : Valid Value,Powder Manifold Pressure : Warning Enabled,Powder Manifold Pressure: Warning Tolerance Level,Powder Manifold Pressure : Warning High Level,Powder Manifold Pressure : Warning Low Level,Powder Manifold Pressure : Alarm Enabled,Powder Manifold Pressure: Alarm Tolerance Level,Powder Manifold Pressure : Alarm High Level,Powder Manifold Pressure : Alarm Low Level,PF3 Top Pressure,PF3 Bottom Pressure,PF3 Bottom Pressure: Baseline Level,PF3 Bottom Pressure : Valid Value,PF3 Bottom Pressure : Warning Enabled,PF3 Bottom Pressure: Warning Tolerance Level,PF3 Bottom Pressure : Warning High Level,PF3 Bottom Pressure : Warning Low Level,PF3 Bottom Pressure : Alarm Enabled,PF3 Bottom Pressure : Alarm Tolerance Level,PF3 Bottom Pressure : Alarm High Level,PF3 Bottom Pressure : Alarm Low Level,PF3 Bottom Pressure: Off Baseline,PF4 Top Pressure,PF4 Bottom Pressure,PF4 Bottom Pressure: Baseline Level,PF4 Bottom Pressure : Valid Value,PF4 Bottom Pressure : Warning Enabled,PF4 Bottom Pressure: Warning Tolerance Level,PF4 Bottom Pressure : Warning High Level,PF4 Bottom Pressure : Warning Low Level,PF4 Bottom Pressure : Alarm Enabled,PF4 Bottom Pressure : Alarm Tolerance Level,PF4 Bottom Pressure : Alarm High Level,PF4 Bottom Pressure : Alarm Low Level,PF4 Bottom Pressure: Off Baseline,Optics Box Pressure Sensor,Optics Box Pressure: Baseline Level,Optics Box Pressure: Valid Value,Optics Box Pressure: Warning Enabled,Optics Box Pressure: Warning Tolerance Level,Optics Box Pressure: Warning High Level,Optics Box Pressure: Warning Low Level,Optics Box Pressure: Alarm Enabled,Optics Box Pressure: Alarm Tolerance Level,Optics Box Pressure: Alarm High Level,Optics Box Pressure: Alarm Low Level,Laser On,Dryrun Mode,Laser Setpoint,Laser Power (from laser),Laser Water Flow (L/min),Laser Water Temp (°C),DI Water Temp (°C),Laser On Time (ms),Feed Fiber FFBD (mV),Process Fiber FFBD (mV),Power From Meter,Power From Meter: Warning Enabled,Power From Meter: Alarm Enabled,Power From Meter: Baseline Level,Beam Size From Meter (inch),Beam Pos X From Meter (inch),Beam Pos Y From Meter (inch),Power From Meter (uncompensated),Beam Flags From Meter,Camera Temp(°F),Melt Pool Area,Melt Pool Area: Valid Value,Melt Pool Area: Warning Enabled,Melt Pool Area: Warning High Level,Melt Pool Area: Warning Low Level,Melt Pool Area: Alarm Enabled,Melt Pool Area: Alarm High Level,Melt Pool Area: Alarm Low Level,Melt Pool Area: Debounce Time,Melt Pool Area: Baseline Level,Melt Pool Area: Warning Tolerance Level,Melt Pool Area: Alarm Tolerance Level,Layer #,Contour Override,Hatch Override,Error During Execution,Path Setpoint Velocity(inch/min),Cmd Mode,DeadMove Override,Block Number,Monitoring Enabled,In Warning,In Alarm,Events,TimeStamp_Original
1900-01-01 00:09:49.200000+00:00,,,,,,,,,,,,,,,,,,,,,,,,,,,,,,,,,,,,,,,,,,,,,,,,,,,,,,,,,,,,,,,,,,,,,,,,,,,,,,,,,,,,,,,,,,,,,,,,,,,,,,,,,,,,,,,,,,,,,,,,,,,,,,,,,,,,,,,,,,,,,,,,,,,,,,,,,,,,,,,,,,,,,,,,,,,,,,,,,,,,,,,,,,,,,,,,,,,,,,,,,,,,,,,,,,,,,,,,,,,,,,,,,,,,,,,,,,,,,,,,,,,,,,,,,,,,,,,,,,,,,,,,Additional Log Info: Machine Name:: 222XR-0004,09:49.2
1900-01-01 00:09:49.200000+00:00,,,,,,,,,,,,,,,,,,,,,,,,,,,,,,,,,,,,,,,,,,,,,,,,,,,,,,,,,,,,,,,,,,,,,,,,,,,,,,,,,,,,,,,,,,,,,,,,,,,,,,,,,,,,,,,,,,,,,,,,,,,,,,,,,,,,,,,,,,,,,,,,,,,,,,,,,,,,,,,,,,,,,,,,,,,,,,,,,,,,,,,,,,,,,,,,,,,,,,,,,,,,,,,,,,,,,,,,,,,,,,,,,,,,,,,,,,,,,,,,,,,,,,,,,,,,,,,,,,,,,,,,Additional Log Info: O2 Sensor SN: 810D51388,09:49.2
1900-01-01 00:09:49.200000+00:00,,,,,,,,,,,,,,,,,,,,,,,,,,,,,,,,,,,,,,,,,,,,,,,,,,,,,,,,,,,,,,,,,,,,,,,,,,,,,,,,,,,,,,,,,,,,,,,,,,,,,,,,,,,,,,,,,,,,,,,,,,,,,,,,,,,,,,,,,,,,,,,,,,,,,,,,,,,,,,,,,,,,,,,,,,,,,,,,,,,,,,,,,,,,,,,,,,,,,,,,,,,,,,,,,,,,,,,,,,,,,,,,,,,,,,,,,,,,,,,,,,,,,,,,,,,,,,,,,,,,,,,,Additional Log Info: H2O Sensor SN: V1720011,09:49.2
1900-01-01 00:09:49.200000+00:00,,,,,,,,,,,,,,,,,,,,,,,,,,,,,,,,,,,,,,,,,,,,,,,,,,,,,,,,,,,,,,,,,,,,,,,,,,,,,,,,,,,,,,,,,,,,,,,,,,,,,,,,,,,,,,,,,,,,,,,,,,,,,,,,,,,,,,,,,,,,,,,,,,,,,,,,,,,,,,,,,,,,,,,,,,,,,,,,,,,,,,,,,,,,,,,,,,,,,,,,,,,,,,,,,,,,,,,,,,,,,,,,,,,,,,,,,,,,,,,,,,,,,,,,,,,,,,,,,,,,,,,,Additional Log Info: Alps SN: 92200473,09:49.2
1900-01-01 00:09:49.200000+00:00,,,,,,,,,,,,,,,,,,,,,,,,,,,,,,,,,,,,,,,,,,,,,,,,,,,,,,,,,,,,,,,,,,,,,,,,,,,,,,,,,,,,,,,,,,,,,,,,,,,,,,,,,,,,,,,,,,,,,,,,,,,,,,,,,,,,,,,,,,,,,,,,,,,,,,,,,,,,,,,,,,,,,,,,,,,,,,,,,,,,,,,,,,,,,,,,,,,,,,,,,,,,,,,,,,,,,,,,,,,,,,,,,,,,,,,,,,,,,,,,,,,,,,,,,,,,,,,,,,,,,,,,Additional Log Info: Ophir Power Meter SN: 915904,09:49.2
1900-01-01 00:09:49.200000+00:00,,,,,,,,,,,,,,,,,,,,,,,,,,,,,,,,,,,,,,,,,,,,,,,,,,,,,,,,,,,,,,,,,,,,,,,,,,,,,,,,,,,,,,,,,,,,,,,,,,,,,,,,,,,,,,,,,,,,,,,,,,,,,,,,,,,,,,,,,,,,,,,,,,,,,,,,,,,,,,,,,,,,,,,,,,,,,,,,,,,,,,,,,,,,,,,,,,,,,,,,,,,,,,,,,,,,,,,,,,,,,,,,,,,,,,,,,,,,,,,,,,,,,,,,,,,,,,,,,,,,,,,,Additional Log Info: Center Purge Flow Controller SN: 416667,09:49.2
1900-01-01 00:09:49.200000+00:00,,,,,,,,,,,,,,,,,,,,,,,,,,,,,,,,,,,,,,,,,,,,,,,,,,,,,,,,,,,,,,,,,,,,,,,,,,,,,,,,,,,,,,,,,,,,,,,,,,,,,,,,,,,,,,,,,,,,,,,,,,,,,,,,,,,,,,,,,,,,,,,,,,,,,,,,,,,,,,,,,,,,,,,,,,,,,,,,,,,,,,,,,,,,,,,,,,,,,,,,,,,,,,,,,,,,,,,,,,,,,,,,,,,,,,,,,,,,,,,,,,,,,,,,,,,,,,,,,,,,,,,,Additional Log Info: PF 1 Flow Controller SN: 436932,09:49.2
1900-01-01 00:09:49.200000+00:00,,,,,,,,,,,,,,,,,,,,,,,,,,,,,,,,,,,,,,,,,,,,,,,,,,,,,,,,,,,,,,,,,,,,,,,,,,,,,,,,,,,,,,,,,,,,,,,,,,,,,,,,,,,,,,,,,,,,,,,,,,,,,,,,,,,,,,,,,,,,,,,,,,,,,,,,,,,,,,,,,,,,,,,,,,,,,,,,,,,,,,,,,,,,,,,,,,,,,,,,,,,,,,,,,,,,,,,,,,,,,,,,,,,,,,,,,,,,,,,,,,,,,,,,,,,,,,,,,,,,,,,,Additional Log Info: PF 2 Flow Controller SN: 436928,09:49.2
1900-01-01 00:09:49.200000+00:00,,,,,,,,,,,,,,,,,,,,,,,,,,,,,,,,,,,,,,,,,,,,,,,,,,,,,,,,,,,,,,,,,,,,,,,,,,,,,,,,,,,,,,,,,,,,,,,,,,,,,,,,,,,,,,,,,,,,,,,,,,,,,,,,,,,,,,,,,,,,,,,,,,,,,,,,,,,,,,,,,,,,,,,,,,,,,,,,,,,,,,,,,,,,,,,,,,,,,,,,,,,,,,,,,,,,,,,,,,,,,,,,,,,,,,,,,,,,,,,,,,,,,,,,,,,,,,,,,,,,,,,,Additional Log Info: PF 3 Flow Controller SN: 416665,09:49.2
1900-01-01 00:09:49.200000+00:00,,,,,,,,,,,,,,,,,,,,,,,,,,,,,,,,,,,,,,,,,,,,,,,,,,,,,,,,,,,,,,,,,,,,,,,,,,,,,,,,,,,,,,,,,,,,,,,,,,,,,,,,,,,,,,,,,,,,,,,,,,,,,,,,,,,,,,,,,,,,,,,,,,,,,,,,,,,,,,,,,,,,,,,,,,,,,,,,,,,,,,,,,,,,,,,,,,,,,,,,,,,,,,,,,,,,,,,,,,,,,,,,,,,,,,,,,,,,,,,,,,,,,,,,,,,,,,,,,,,,,,,,Additional Log Info: PF 4 Flow Controller SN: 416666,09:49.2
1900-01-01 00:09:49.200000+00:00,,,,,,,,,,,,,,,,,,,,,,,,,,,,,,,,,,,,,,,,,,,,,,,,,,,,,,,,,,,,,,,,,,,,,,,,,,,,,,,,,,,,,,,,,,,,,,,,,,,,,,,,,,,,,,,,,,,,,,,,,,,,,,,,,,,,,,,,,,,,,,,,,,,,,,,,,,,,,,,,,,,,,,,,,,,,,,,,,,,,,,,,,,,,,,,,,,,,,,,,,,,,,,,,,,,,,,,,,,,,,,,,,,,,,,,,,,,,,,,,,,,,,,,,,,,,,,,,,,,,,,,,Additional Log Info: IPG Laser SN: PL2240983,09:49.2
1900-01-01 00:09:49.200000+00:00,,,,,,,,,,,,,,,,,,,,,,,,,,,,,,,,,,,,,,,,,,,,,,,,,,,,,,,,,,,,,,,,,,,,,,,,,,,,,,,,,,,,,,,,,,,,,,,,,,,,,,,,,,,,,,,,,,,,,,,,,,,,,,,,,,,,,,,,,,,,,,,,,,,,,,,,,,,,,,,,,,,,,,,,,,,,,,,,,,,,,,,,,,,,,,,,,,,,,,,,,,,,,,,,,,,,,,,,,,,,,,,,,,,,,,,,,,,,,,,,,,,,,,,,,,,,,,,,,,,,,,,,Additional Log Info: Fiber SN: PF2200051,09:49.2
1900-01-01 00:09:49.200000+00:00,,,,,,,,,,,,,,,,,,,,,,,,,,,,,,,,,,,,,,,,,,,,,,,,,,,,,,,,,,,,,,,,,,,,,,,,,,,,,,,,,,,,,,,,,,,,,,,,,,,,,,,,,,,,,,,,,,,,,,,,,,,,,,,,,,,,,,,,,,,,,,,,,,,,,,,,,,,,,,,,,,,,,,,,,,,,,,,,,,,,,,,,,,,,,,,,,,,,,,,,,,,,,,,,,,,,,,,,,,,,,,,,,,,,,,,,,,,,,,,,,,,,,,,,,,,,,,,,,,,,,,,,Additional Log Info: Collimator SN: CO211684,09:49.2
1900-01-01 00:09:49.200000+00:00,,,,,,,,,,,,,,,,,,,,,,,,,,,,,,,,,,,,,,,,,,,,,,,,,,,,,,,,,,,,,,,,,,,,,,,,,,,,,,,,,,,,,,,,,,,,,,,,,,,,,,,,,,,,,,,,,,,,,,,,,,,,,,,,,,,,,,,,,,,,,,,,,,,,,,,,,,,,,,,,,,,,,,,,,,,,,,,,,,,,,,,,,,,,,,,,,,,,,,,,,,,,,,,,,,,,,,,,,,,,,,,,,,,,,,,,,,,,,,,,,,,,,,,,,,,,,,,,,,,,,,,,Additional Log Info: Turning Mirror 1 SN: 948928,09:49.2
1900-01-01 00:09:49.200000+00:00,,,,,,,,,,,,,,,,,,,,,,,,,,,,,,,,,,,,,,,,,,,,,,,,,,,,,,,,,,,,,,,,,,,,,,,,,,,,,,,,,,,,,,,,,,,,,,,,,,,,,,,,,,,,,,,,,,,,,,,,,,,,,,,,,,,,,,,,,,,,,,,,,,,,,,,,,,,,,,,,,,,,,,,,,,,,,,,,,,,,,,,,,,,,,,,,,,,,,,,,,,,,,,,,,,,,,,,,,,,,,,,,,,,,,,,,,,,,,,,,,,,,,,,,,,,,,,,,,,,,,,,,Additional Log Info: Turning Mirror 2 SN: 948928,09:49.2
1900-01-01 00:09:49.200000+00:00,,,,,,,,,,,,,,,,,,,,,,,,,,,,,,,,,,,,,,,,,,,,,,,,,,,,,,,,,,,,,,,,,,,,,,,,,,,,,,,,,,,,,,,,,,,,,,,,,,,,,,,,,,,,,,,,,,,,,,,,,,,,,,,,,,,,,,,,,,,,,,,,,,,,,,,,,,,,,,,,,,,,,,,,,,,,,,,,,,,,,,,,,,,,,,,,,,,,,,,,,,,,,,,,,,,,,,,,,,,,,,,,,,,,,,,,,,,,,,,,,,,,,,,,,,,,,,,,,,,,,,,,Additional Log Info: Focusing Lens SN: 949013,09:49.2
1900-01-01 00:09:49.200000+00:00,,,,,,,,,,,,,,,,,,,,,,,,,,,,,,,,,,,,,,,,,,,,,,,,,,,,,,,,,,,,,,,,,,,,,,,,,,,,,,,,,,,,,,,,,,,,,,,,,,,,,,,,,,,,,,,,,,,,,,,,,,,,,,,,,,,,,,,,,,,,,,,,,,,,,,,,,,,,,,,,,,,,,,,,,,,,,,,,,,,,,,,,,,,,,,,,,,,,,,,,,,,,,,,,,,,,,,,,,,,,,,,,,,,,,,,,,,,,,,,,,,,,,,,,,,,,,,,,,,,,,,,,Power From Meter Tolerance: Warning Low: [],09:49.2
1900-01-01 00:09:49.200000+00:00,,,,,,,,,,,,,,,,,,,,,,,,,,,,,,,,,,,,,,,,,,,,,,,,,,,,,,,,,,,,,,,,,,,,,,,,,,,,,,,,,,,,,,,,,,,,,,,,,,,,,,,,,,,,,,,,,,,,,,,,,,,,,,,,,,,,,,,,,,,,,,,,,,,,,,,,,,,,,,,,,,,,,,,,,,,,,,,,,,,,,,,,,,,,,,,,,,,,,,,,,,,,,,,,,,,,,,,,,,,,,,,,,,,,,,,,,,,,,,,,,,,,,,,,,,,,,,,,,,,,,,,,Power From Meter Tolerance: Alarm Low: [],09:49.2
1900-01-01 00:09:49.200000+00:00,,,,,,,,,,,,,,,,,,,,,,,,,,,,,,,,,,,,,,,,,,,,,,,,,,,,,,,,,,,,,,,,,,,,,,,,,,,,,,,,,,,,,,,,,,,,,,,,,,,,,,,,,,,,,,,,,,,,,,,,,,,,,,,,,,,,,,,,,,,,,,,,,,,,,,,,,,,,,,,,,,,,,,,,,,,,,,,,,,,,,,,,,,,,,,,,,,,,,,,,,,,,,,,,,,,,,,,,,,,,,,,,,,,,,,,,,,,,,,,,,,,,,,,,,,,,,,,,,,,,,,,,Power From Meter Tolerance: Warning High: [],09:49.2
1900-01-01 00:09:49.200000+00:00,,,,,,,,,,,,,,,,,,,,,,,,,,,,,,,,,,,,,,,,,,,,,,,,,,,,,,,,,,,,,,,,,,,,,,,,,,,,,,,,,,,,,,,,,,,,,,,,,,,,,,,,,,,,,,,,,,,,,,,,,,,,,,,,,,,,,,,,,,,,,,,,,,,,,,,,,,,,,,,,,,,,,,,,,,,,,,,,,,,,,,,,,,,,,,,,,,,,,,,,,,,,,,,,,,,,,,,,,,,,,,,,,,,,,,,,,,,,,,,,,,,,,,,,,,,,,,,,,,,,,,,,Power From Meter Tolerance: Alarm High: [],09:49.2
1900-01-01 00:10:50.300000+00:00,,,,,,,,,,,,,,,,,,,,,,,,,,,,,,,,,,,,,,,,,,,,,,,,,,,,,,,,,,,,,,,,,,,,,,,,,,,,,,,,,,,,,,,,,,,,,,,,,,,,,,,,,,,,,,,,,,,,,,,,,,,,,,,,,,,,,,,,,,,,,,,,,,,,,,,,,,,,,,,,,,,,,,,,,,,,,,,,,,,,,,,,,,,,,,,,,,,,,,,,,,,,,,,,,,,,,,,,,,,,,,,,,,,,,,,,,,,,,,,,,,,,,,,,,,,,,,,,,,,,,,,,Homing Alps,10:50.3
1900-01-01 00:11:53.600000+00:00,,,,,,,,,,,,,,,,,,,,,,,,,,,,,,,,,,,,,,,,,,,,,,,,,,,,,,,,,,,,,,,,,,,,,,,,,,,,,,,,,,,,,,,,,,,,,,,,,,,,,,,,,,,,,,,,,,,,,,,,,,,,,,,,,,,,,,,,,,,,,,,,,,,,,,,,,,,,,,,,,,,,,,,,,,,,,,,,,,,,,,,,,,,,,,,,,,,,,,,,,,,,,,,,,,,,,,,,,,,,,,,,,,,,,,,,,,,,,,,,,,,,,,,,,,,,,,,,,,,,,,,,Execution Started: E:\stock_testprint1.mpf Layer: 0 Block: 0,11:53.6
1900-01-01 00:37:46.100000+00:00,,,,,,,,,,,,,,,,,,,,,,,,,,,,,,,,,,,,,,,,,,,,,,,,,,,,,,,,,,,,,,,,,,,,,,,,,,,,,,,,,,,,,,,,,,,,,,,,,,,,,,,,,,,,,,,,,,,,,,,,,,,,,,,,,,,,,,,,,,,,,,,,,,,,,,,,,,,,,,,,,,,,,,,,,,,,,,,,,,,,,,,,,,,,,,,,,,,,,,,,,,,,,,,,,,,,,,,,,,,,,,,,,,,,,,,,,,,,,,,,,,,,,,,,,,,,,,,,,,,,,,,,Execution Finished,37:46.1
